run,variant,display_name,fold,energy_threshold,accuracy,weighted_f1,macro_f1,ripple_f1,ied_f1,noise_f1
ablations_20260927T021332.558896Z,baseline,baseline,1,2.9956910610198975,0.8687451886066204,0.8663088219137967,0.8624705163581995,0.903266730098319,0.8888888888888888,0.7952559300873908
ablations_20260927T021332.558896Z,baseline,baseline,2,3.043819511309266,0.8532654792196777,0.8536960661742194,0.8317520551752406,0.9044254369654147,0.8195615514333895,0.7712691771269177
ablations_20260927T021332.558896Z,baseline,baseline,3,4.903745695948601,0.834608378870674,0.8376452886244558,0.8271560535489132,0.8750522356874216,0.8961960025789814,0.7102199223803364
ablations_20260927T021332.558896Z,fixed_fusion,fixed_fusion,1,1.3382676839828491,0.8756735950731331,0.8739862425016749,0.8633765567146042,0.9102564102564102,0.868995633187773,0.8108776266996292
ablations_20260927T021332.558896Z,fixed_fusion,fixed_fusion,2,4.214902523905039,0.8290924512298559,0.8321311293191974,0.8167957128023072,0.8778420038535646,0.8220640569395018,0.7504810776138551
ablations_20260927T021332.558896Z,fixed_fusion,fixed_fusion,3,2.9237298890948296,0.7908925318761384,0.7893818426286295,0.7725547598544488,0.8514261387824607,0.8330503678551217,0.6331877729257642
ablations_20260927T021332.558896Z,no_channel_attention,no_channel_attention,1,4.433088779449463,0.850654349499615,0.8477493852177539,0.8427208081579809,0.8933206710984489,0.8744186046511628,0.760423148724331
ablations_20260927T021332.558896Z,no_channel_attention,no_channel_attention,2,5.204582437872887,0.7981340118744699,0.8041424669005527,0.8011099480463107,0.8409090909090909,0.8394160583941606,0.7230046948356808
ablations_20260927T021332.558896Z,no_channel_attention,no_channel_attention,3,3.064780980348587,0.8451730418943534,0.8407182838848778,0.825962618999788,0.8946963873943121,0.8895939086294417,0.6935975609756098
ablations_20260927T021332.558896Z,no_global_features,no_global_features,1,3.036513090133667,0.8552732871439569,0.8548374202394714,0.8308857801938041,0.9027823240589198,0.8088531187122736,0.781021897810219
ablations_20260927T021332.558896Z,no_global_features,no_global_features,2,4.5159211084246635,0.7527565733672604,0.7582168267959128,0.6954042918367666,0.8792307692307693,0.6279949558638083,0.5789871504157218
ablations_20260927T021332.558896Z,no_global_features,no_global_features,3,2.596350222826004,0.8466302367941713,0.8475035582441205,0.8377928504317108,0.8821576763485477,0.9011264080100125,0.7300944669365722
ablations_20260927T021332.558896Z,no_spike_oscillation,no_spike_oscillation,1,1.5703394412994385,0.848729792147806,0.8463646169368935,0.8237946380587274,0.8980769230769231,0.8097165991902834,0.7635903919089759
ablations_20260927T021332.558896Z,no_spike_oscillation,no_spike_oscillation,2,4.871013890951872,0.8333333333333334,0.8361517121765735,0.8338085379962864,0.8715983135300882,0.872865275142315,0.7569620253164557
ablations_20260927T021332.558896Z,no_spike_oscillation,no_spike_oscillation,3,2.360166445374489,0.8061930783242258,0.8064181893288571,0.7935919824751796,0.8525286867828304,0.8688915375446961,0.6593557230980124
ablations_20260927T021332.558896Z,no_temporal_conv,no_temporal_conv,1,3.2490885257720947,0.8587374903772133,0.8586441296961269,0.851394780967988,0.8944591029023746,0.8665207877461707,0.7932044522554189
ablations_20260927T021332.558896Z,no_temporal_conv,no_temporal_conv,2,4.44450181350112,0.8464800678541137,0.8460748313912917,0.8368139394210466,0.8902571532053604,0.8622754491017964,0.7579092159559835
ablations_20260927T021332.558896Z,no_temporal_conv,no_temporal_conv,3,1.2440996766090393,0.8641165755919854,0.85940592496248,0.8444834641344879,0.9149018097805159,0.8864197530864197,0.7321288295365279
ablations_20260927T021332.558896Z,spec_only,spec_only,1,1.6759061813354492,0.8329484218629715,0.8238300391162331,0.8193995152390131,0.8824418253248716,0.8662131519274376,0.7095435684647303
ablations_20260927T021332.558896Z,spec_only,spec_only,2,3.5516917053610086,0.8155216284987278,0.8156436471616889,0.8018386095254918,0.8701492537313433,0.8245315161839863,0.7108350586611456
ablations_20260927T021332.558896Z,spec_only,spec_only,3,3.8819378837943077,0.8389799635701275,0.838637683756147,0.8265087943853606,0.8824902723735408,0.891566265060241,0.7054698457223001
ablations_20260927T021332.558896Z,wave_only,wave_only,1,2.7863850593566895,0.8745188606620478,0.872241052594433,0.866269281200788,0.9092063492063492,0.8863636363636364,0.8032378580323786
ablations_20260927T021332.558896Z,wave_only,wave_only,2,4.094135876744986,0.8430873621713316,0.8430718156924415,0.824529948416715,0.8948148148148148,0.8261617900172117,0.7526132404181185
ablations_20260927T021332.558896Z,wave_only,wave_only,3,1.4678559601306915,0.8539162112932605,0.8473313611197093,0.8312576487694612,0.9067377236391321,0.8855905998763142,0.7014446227929374
