run,formulation,display_name,fold,energy_threshold,accuracy,weighted_f1,macro_f1,ripple_f1,ied_f1,noise_f1
losses_20260927T094851.473213Z,bce_contrast_noise,bce_contrast_noise,1,1.35666024684906,0.8364126250962278,0.8394724415116445,0.8106151720212468,0.8821710752318791,0.7686567164179104,0.7810177244139508
losses_20260927T094851.473213Z,bce_contrast_noise,bce_contrast_noise,2,5.064671080559492,0.8418150975402884,0.8454508242685811,0.845756877049871,0.8745098039215686,0.8859315589353612,0.776829268292683
losses_20260927T094851.473213Z,bce_contrast_noise,bce_contrast_noise,3,1.7039902806282043,0.8564663023679417,0.8520290392311078,0.8373644738977862,0.9061193462561764,0.889602053915276,0.7163720215219063
losses_20260927T094851.473213Z,bce_noise,bce_noise,1,4.693632125854492,0.8725943033102387,0.8732097057000496,0.8727463628325697,0.9011936339522546,0.9,0.8170454545454545
losses_20260927T094851.473213Z,bce_noise,bce_noise,2,3.8137038964778185,0.8621713316369805,0.8620325144160497,0.8553654729948507,0.8997805413313826,0.8816793893129771,0.7846364883401921
losses_20260927T094851.473213Z,bce_noise,bce_noise,3,0.3560637114569545,0.8444444444444444,0.8357194042949014,0.8180132827076392,0.9011320754716982,0.8785276073619632,0.6743801652892562
losses_20260927T094851.473213Z,bce_repulsion_noise,bce_repulsion_noise,1,0.9198563694953918,0.8598922247882987,0.8602738042471223,0.8468651784999306,0.8967120557954168,0.8443496801705757,0.7995337995337995
losses_20260927T094851.473213Z,bce_repulsion_noise,bce_repulsion_noise,2,4.663004010915756,0.8490245971162002,0.8502424515144309,0.8436719677377376,0.8886397608370703,0.8712121212121212,0.7711640211640212
losses_20260927T094851.473213Z,bce_repulsion_noise,bce_repulsion_noise,3,2.6988599374890327,0.8491803278688524,0.8494130323565319,0.8392226456308066,0.8858187728565624,0.9047013977128335,0.727147766323024
losses_20260927T094851.473213Z,corrected_margin,corrected_margin,1,3.1262996196746826,0.8714395688991532,0.8685651583172371,0.8637119690051667,0.9062795834648154,0.8878923766816144,0.7969639468690702
losses_20260927T094851.473213Z,corrected_margin,corrected_margin,2,3.0914135575294495,0.8600508905852418,0.8587265961218452,0.8514300861584959,0.8981348637015782,0.8776699029126214,0.778485491861288
losses_20260927T094851.473213Z,corrected_margin,corrected_margin,3,2.8521943986415863,0.8502732240437159,0.8501116588099638,0.8387771229775737,0.8912510220768601,0.8956521739130435,0.7294281729428173
losses_20260927T094851.473213Z,current,current,1,3.88509464263916,0.8752886836027713,0.8741620825548893,0.8709774992529441,0.9069842291599614,0.8951048951048951,0.810843373493976
losses_20260927T094851.473213Z,current,current,2,4.079231321811676,0.8486005089058524,0.8480269934651096,0.8395614182236703,0.8897005113221329,0.8645640074211502,0.7644197359277276
losses_20260927T094851.473213Z,current,current,3,4.580050982534885,0.8269581056466302,0.8328040283405219,0.8245516460410166,0.8616838487972509,0.8924515698062793,0.7195195195195195
losses_20260927T094851.473213Z,moderate_full,moderate_full,1,1.4004437923431396,0.874133949191686,0.8734149508802302,0.8632736005394399,0.9067273318167046,0.8672566371681416,0.8158368326334733
losses_20260927T094851.473213Z,moderate_full,moderate_full,2,3.2354393787682056,0.8651399491094147,0.8646555060428991,0.8559048715657723,0.9030612244897959,0.8754716981132076,0.7891816920943134
losses_20260927T094851.473213Z,moderate_full,moderate_full,3,4.552155703306198,0.8422586520947176,0.8440283914918325,0.8351311401109909,0.8752607425949103,0.9059720457433291,0.7241606319947334
losses_20260927T094851.473213Z,three_class_ce,three_class_ce,1,,0.8783679753656659,0.8786565491735094,0.875794019923041,0.903801652892562,0.8930232558139535,0.8305571510626077
losses_20260927T094851.473213Z,three_class_ce,three_class_ce,2,,0.8774385072094996,0.8774397087377704,0.8708067375532814,0.9076363636363637,0.8870967741935484,0.817687074829932
losses_20260927T094851.473213Z,three_class_ce,three_class_ce,3,,0.8335154826958106,0.8358041000135965,0.8304688430793142,0.8533447684391081,0.9022842639593909,0.7357774968394437
