phase,evidence,configuration,repeat_seed,training_seed,fold,accuracy,weighted_f1,macro_f1,energy_threshold,training_time_seconds,parameter_count,modality,use_temporal_conv,use_channel_attention,use_global_features,use_spike_oscillation
phase1_screen,exploratory_3fold_1seed,baseline,0,1,1,0.8783679753656659,0.8766149387280912,0.8769562516018157,1.7746696472167969,186.82326600002125,113985,both,True,True,True,True
phase1_screen,exploratory_3fold_1seed,baseline,0,2,2,0.859626802374894,0.8614572171183068,0.8585122328741113,3.9299514442682266,184.40244530001655,113985,both,True,True,True,True
phase1_screen,exploratory_3fold_1seed,baseline,0,3,3,0.8561020036429873,0.8533897481868379,0.8398090856325707,1.031597439199686,181.04478559992276,113985,both,True,True,True,True
phase1_screen,exploratory_3fold_1seed,compact_wave_no_temporal,0,1,1,0.8749037721324096,0.8752753564847908,0.8730733519372919,3.93994140625,95.91261149989441,73985,wave,False,True,True,True
phase1_screen,exploratory_3fold_1seed,compact_wave_no_temporal,0,2,2,0.851145038167939,0.8518287118512347,0.8459112060098491,2.833589367568493,95.18063739989884,73985,wave,False,True,True,True
phase1_screen,exploratory_3fold_1seed,compact_wave_no_temporal,0,3,3,0.8495446265938069,0.8495476303642849,0.8386979606834806,3.2134840860962868,92.29157799994573,73985,wave,False,True,True,True
phase1_screen,exploratory_3fold_1seed,no_temporal_conv,0,1,1,0.876058506543495,0.8751548692948669,0.8672331262442534,1.975066065788269,178.86170680006035,93569,both,False,True,True,True
phase1_screen,exploratory_3fold_1seed,no_temporal_conv,0,2,2,0.8524173027989822,0.8537713306443291,0.8468709645255378,3.56033181771636,179.07749970001169,93569,both,False,True,True,True
phase1_screen,exploratory_3fold_1seed,no_temporal_conv,0,3,3,0.8477231329690346,0.8457472233299985,0.8323873611506988,1.5813132748007774,176.23585890000686,93569,both,False,True,True,True
phase1_confirmation,confirmed_5fold_3seed,baseline,0,1,1,0.8796895213454075,0.8796053494438919,0.8903856006660799,3.3373631834983826,223.19626690004952,113985,both,True,True,True,True
phase1_confirmation,confirmed_5fold_3seed,baseline,0,2,2,0.8707015130674003,0.8698488535515148,0.8077874215801573,1.6403446644544601,225.48068760009483,113985,both,True,True,True,True
phase1_confirmation,confirmed_5fold_3seed,baseline,0,3,3,0.8566817301484829,0.8553424308141214,0.8588939022084302,2.109231438487768,228.19542649993673,113985,both,True,True,True,True
phase1_confirmation,confirmed_5fold_3seed,baseline,0,4,4,0.8697643979057592,0.8713261431918604,0.8600063066383967,2.131360784173012,221.48705470003188,113985,both,True,True,True,True
phase1_confirmation,confirmed_5fold_3seed,baseline,0,5,5,0.8559113300492611,0.8544571347175435,0.8443850198297356,2.4178958535194397,222.9008816999849,113985,both,True,True,True,True
phase1_confirmation,confirmed_5fold_3seed,compact_wave_no_temporal,0,1,1,0.8848641655886158,0.8851530833934467,0.8924283222872363,2.999488800764084,116.33234290010296,73985,wave,False,True,True,True
phase1_confirmation,confirmed_5fold_3seed,compact_wave_no_temporal,0,2,2,0.8858321870701513,0.8824427758347001,0.8241119346582867,1.6470183432102203,117.44303809991106,73985,wave,False,True,True,True
phase1_confirmation,confirmed_5fold_3seed,compact_wave_no_temporal,0,3,3,0.8644286636539703,0.864710383579483,0.8699997614674522,2.798713579773903,117.63536990014836,73985,wave,False,True,True,True
phase1_confirmation,confirmed_5fold_3seed,compact_wave_no_temporal,0,4,4,0.8592931937172775,0.8615984765115093,0.8496043037724035,2.324120916426182,112.78101719985716,73985,wave,False,True,True,True
phase1_confirmation,confirmed_5fold_3seed,compact_wave_no_temporal,0,5,5,0.8380541871921182,0.8385024532702361,0.8309788346126631,1.9883957020938396,113.34495309996419,73985,wave,False,True,True,True
phase1_confirmation,confirmed_5fold_3seed,baseline,1,2,1,0.8770053475935828,0.8776325826337131,0.8501516648632088,3.7967209285125136,235.22346230014227,113985,both,True,True,True,True
phase1_confirmation,confirmed_5fold_3seed,baseline,1,3,2,0.8811145510835914,0.8811683458185054,0.8823062285994663,4.0679416209459305,225.26648650015704,113985,both,True,True,True,True
phase1_confirmation,confirmed_5fold_3seed,baseline,1,4,3,0.8832214765100671,0.879820831504153,0.8628341262650854,3.7632254119962454,222.020375699969,113985,both,True,True,True,True
phase1_confirmation,confirmed_5fold_3seed,baseline,1,5,4,0.8400226116449971,0.8348368813969211,0.8393341266706292,3.13,212.28311400022358,113985,both,True,True,True,True
phase1_confirmation,confirmed_5fold_3seed,baseline,1,6,5,0.8474830954169797,0.8518227608713588,0.8261901347778716,4.702893145382404,245.0759143999312,113985,both,True,True,True,True
phase1_confirmation,confirmed_5fold_3seed,compact_wave_no_temporal,1,2,1,0.893048128342246,0.8912637220817414,0.864452891336123,2.6367523092776537,121.81548610003665,73985,wave,False,True,True,True
phase1_confirmation,confirmed_5fold_3seed,compact_wave_no_temporal,1,3,2,0.8687306501547988,0.8683386089314902,0.8752053923320955,1.6915836092084646,116.75780820008367,73985,wave,False,True,True,True
phase1_confirmation,confirmed_5fold_3seed,compact_wave_no_temporal,1,4,3,0.8697986577181208,0.8709827489888744,0.8548991201200641,3.7893591821193695,114.74888180010021,73985,wave,False,True,True,True
phase1_confirmation,confirmed_5fold_3seed,compact_wave_no_temporal,1,5,4,0.8349349915206331,0.8300469119272728,0.8338847455968489,3.4871542155742645,108.79038230003789,73985,wave,False,True,True,True
phase1_confirmation,confirmed_5fold_3seed,compact_wave_no_temporal,1,6,5,0.859504132231405,0.8632379630153348,0.8492912926271606,2.178381860256195,125.73637309996411,73985,wave,False,True,True,True
phase1_confirmation,confirmed_5fold_3seed,baseline,2,3,1,0.87882096069869,0.877081632440913,0.8754563708806647,1.2419210597872734,214.5834937999025,113985,both,True,True,True,True
phase1_confirmation,confirmed_5fold_3seed,baseline,2,4,2,0.8540290620871862,0.8584463067721847,0.8435727072081817,2.637676954269409,218.36984609998763,113985,both,True,True,True,True
phase1_confirmation,confirmed_5fold_3seed,baseline,2,5,3,0.8754940711462451,0.8759172902680524,0.878625811503611,3.6221583783626556,224.10606139991432,113985,both,True,True,True,True
phase1_confirmation,confirmed_5fold_3seed,baseline,2,6,4,0.8618745595489782,0.8603725550403212,0.8185080990557959,2.5974219664931297,242.1967356998939,113985,both,True,True,True,True
phase1_confirmation,confirmed_5fold_3seed,baseline,2,7,5,0.8681241184767278,0.8702811538828937,0.8679201041861226,4.284826677292585,224.95003609987907,113985,both,True,True,True,True
phase1_confirmation,confirmed_5fold_3seed,compact_wave_no_temporal,2,3,1,0.8635371179039302,0.8628031170291431,0.8605146255224739,1.4295718185603619,111.14757160004228,73985,wave,False,True,True,True
phase1_confirmation,confirmed_5fold_3seed,compact_wave_no_temporal,2,4,2,0.8612945838837517,0.860285565082827,0.8377413587846904,1.6365196704864502,112.8711556000635,73985,wave,False,True,True,True
phase1_confirmation,confirmed_5fold_3seed,compact_wave_no_temporal,2,5,3,0.8853754940711462,0.8855004336631912,0.8794893238430496,2.537661427631974,114.89853010000661,73985,wave,False,True,True,True
phase1_confirmation,confirmed_5fold_3seed,compact_wave_no_temporal,2,6,4,0.8745595489781536,0.8740766317766457,0.8333060882732392,2.2929786313325167,122.59943199995905,73985,wave,False,True,True,True
phase1_confirmation,confirmed_5fold_3seed,compact_wave_no_temporal,2,7,5,0.8504936530324401,0.8476040814924082,0.8404679421077127,1.979394694790244,112.91735720005818,73985,wave,False,True,True,True
