subject,repeat_seed,fold,model,sample_count,accuracy,weighted_f1,macro_f1
subject_03,0,1,frozen_compact_model,203,0.8719211822660099,0.873768106162183,0.5845576070412283
subject_05,0,1,frozen_compact_model,200,0.835,0.8397687288081376,0.8263564568983287
subject_11,0,1,frozen_compact_model,331,0.8731117824773413,0.8704772082655591,0.8216426692296791
subject_12,0,1,frozen_compact_model,400,0.895,0.8979526109960893,0.8560693198374358
subject_22,0,1,frozen_compact_model,204,0.8480392156862745,0.8532347473523944,0.7594451594451593
subject_27,0,1,frozen_compact_model,208,0.8846153846153846,0.8871242216312639,0.8664342960117608
subject_07,0,2,frozen_compact_model,306,0.8660130718954249,0.8647354372742975,0.7937405139477679
subject_17,0,2,frozen_compact_model,331,0.8398791540785498,0.8271162743322991,0.5582622572685334
subject_19,0,2,frozen_compact_model,200,0.835,0.838760154738878,0.8408768536428112
subject_24,0,2,frozen_compact_model,207,0.9420289855072463,0.9489840506882237,0.4066164154103853
subject_26,0,2,frozen_compact_model,202,0.9306930693069307,0.9241233498349835,0.4211805555555555
subject_29,0,2,frozen_compact_model,208,0.8653846153846154,0.8475029585798818,0.41189743589743594
subject_01,0,3,frozen_compact_model,200,0.925,0.9134048257372653,0.46807665574421603
subject_04,0,3,frozen_compact_model,200,0.915,0.9159762762706984,0.8525884512631915
subject_09,0,3,frozen_compact_model,400,0.81,0.817961652905573,0.7868361998271567
subject_13,0,3,frozen_compact_model,338,0.8846153846153846,0.8853117749851385,0.8823685292350504
subject_20,0,3,frozen_compact_model,209,0.8133971291866029,0.8359166833796522,0.6307385229540918
subject_30,0,3,frozen_compact_model,202,0.8613861386138614,0.8634695577008931,0.8768787975695554
subject_06,0,4,frozen_compact_model,205,0.8439024390243902,0.8498328993010758,0.8347499465999267
subject_08,0,4,frozen_compact_model,344,0.9156976744186046,0.9161802517916774,0.8599150186877841
subject_14,0,4,frozen_compact_model,207,0.8260869565217391,0.8233783210902658,0.8090989699716623
subject_15,0,4,frozen_compact_model,369,0.8373983739837398,0.8322916074189363,0.8197371210515157
subject_18,0,4,frozen_compact_model,203,0.896551724137931,0.8944085042963316,0.5539937527889335
subject_21,0,4,frozen_compact_model,200,0.84,0.8304875058934464,0.7275151575307905
subject_02,0,5,frozen_compact_model,209,0.84688995215311,0.8391644667283498,0.45916288849464487
subject_10,0,5,frozen_compact_model,395,0.830379746835443,0.8263797968035279,0.8350825820676762
subject_16,0,5,frozen_compact_model,344,0.8895348837209303,0.8901211316815216,0.8772589417750707
subject_23,0,5,frozen_compact_model,204,0.7647058823529411,0.7682127385342451,0.7749847839318319
subject_25,0,5,frozen_compact_model,267,0.8089887640449438,0.806621440180906,0.726808176100629
subject_28,0,5,frozen_compact_model,205,0.9121951219512195,0.9130546757878633,0.818333232998214
subject_02,1,1,frozen_compact_model,209,0.8421052631578947,0.8376766020123706,0.4615045640541391
subject_04,1,1,frozen_compact_model,200,0.85,0.8670758928571429,0.7901785714285715
subject_08,1,1,frozen_compact_model,344,0.8808139534883721,0.8903078602942409,0.8235389509900767
subject_17,1,1,frozen_compact_model,331,0.7915407854984894,0.7854204026199131,0.6098048319567306
subject_22,1,1,frozen_compact_model,204,0.8774509803921569,0.871162125803858,0.8297857997539477
subject_29,1,1,frozen_compact_model,208,0.8509615384615384,0.8310019723865878,0.37593162393162394
subject_12,1,2,frozen_compact_model,400,0.87,0.8757343299239443,0.7476352828044409
subject_16,1,2,frozen_compact_model,344,0.8895348837209303,0.8872104997721667,0.8694676687982961
subject_21,1,2,frozen_compact_model,200,0.84,0.8263823070133749,0.6613936225586712
subject_25,1,2,frozen_compact_model,267,0.8314606741573034,0.8304291740504158,0.7749441188376718
subject_26,1,2,frozen_compact_model,202,0.9108910891089109,0.9081540614794464,0.3842931937172775
subject_30,1,2,frozen_compact_model,202,0.905940594059406,0.9065389900190622,0.9147669344643367
subject_03,1,3,frozen_compact_model,203,0.8768472906403941,0.8782132671580428,0.5877694235588972
subject_11,1,3,frozen_compact_model,331,0.8731117824773413,0.8646677762160194,0.8118763058080165
subject_13,1,3,frozen_compact_model,338,0.8431952662721893,0.8428767396370258,0.835193625892163
subject_18,1,3,frozen_compact_model,203,0.8571428571428571,0.8502610102198368,0.5044776119402985
subject_24,1,3,frozen_compact_model,207,0.9468599033816425,0.9543399881034442,0.44174445596878553
subject_27,1,3,frozen_compact_model,208,0.8653846153846154,0.8691607412195648,0.8448646125116713
subject_01,1,4,frozen_compact_model,200,0.91,0.8758947368421053,0.3508771929824561
subject_05,1,4,frozen_compact_model,200,0.87,0.871556788953567,0.8550540739737977
subject_06,1,4,frozen_compact_model,205,0.8682926829268293,0.8729890929414128,0.8555913593507579
subject_09,1,4,frozen_compact_model,400,0.8175,0.823821173571092,0.7870477087939304
subject_10,1,4,frozen_compact_model,395,0.7620253164556962,0.7514966383827143,0.762979242979243
subject_15,1,4,frozen_compact_model,369,0.8617886178861789,0.8587868444427811,0.8455605684883601
subject_07,1,5,frozen_compact_model,306,0.8594771241830066,0.8589848732537573,0.7900998809708638
subject_14,1,5,frozen_compact_model,207,0.8164251207729468,0.8246486972311038,0.8172352817934213
subject_19,1,5,frozen_compact_model,200,0.795,0.8051531133365077,0.8227366744999257
subject_20,1,5,frozen_compact_model,209,0.8708133971291866,0.8760752746419362,0.6043939549883354
subject_23,1,5,frozen_compact_model,204,0.7303921568627451,0.7300689272979809,0.8148100910644595
subject_28,1,5,frozen_compact_model,205,0.8682926829268293,0.8725391386145266,0.7842056932966024
subject_08,2,1,frozen_compact_model,344,0.9156976744186046,0.9165517497830318,0.861747331672419
subject_13,2,1,frozen_compact_model,338,0.8668639053254438,0.8679915001343573,0.8641161569732999
subject_16,2,1,frozen_compact_model,344,0.8662790697674418,0.8629349091935596,0.8419827284023215
subject_17,2,1,frozen_compact_model,331,0.8277945619335347,0.8290750889447098,0.558484124046826
subject_25,2,1,frozen_compact_model,267,0.8277153558052435,0.8289839446711712,0.7699145316442603
subject_27,2,1,frozen_compact_model,208,0.8317307692307693,0.8371724429416736,0.8144078144078145
subject_11,2,2,frozen_compact_model,331,0.8761329305135952,0.8675846328098574,0.8155939444349878
subject_15,2,2,frozen_compact_model,369,0.8536585365853658,0.8494579752336644,0.8337497620407386
subject_19,2,2,frozen_compact_model,200,0.86,0.8628240765609759,0.8625262106369244
subject_23,2,2,frozen_compact_model,204,0.8480392156862745,0.8467317066775335,0.8643664930180858
subject_26,2,2,frozen_compact_model,202,0.900990099009901,0.8967488371873836,0.34618435665556085
subject_29,2,2,frozen_compact_model,208,0.8846153846153846,0.8663133129468517,0.4366368047779022
subject_03,2,3,frozen_compact_model,203,0.8669950738916257,0.867070673784041,0.580554189211346
subject_07,2,3,frozen_compact_model,306,0.8496732026143791,0.8519350157648797,0.7548865142451664
subject_12,2,3,frozen_compact_model,400,0.905,0.9084036943666837,0.8550250638841201
subject_21,2,3,frozen_compact_model,200,0.84,0.827886001887386,0.7193960364894622
subject_24,2,3,frozen_compact_model,207,0.927536231884058,0.9438452129434004,0.4364876385336743
subject_30,2,3,frozen_compact_model,202,0.900990099009901,0.9018103564742441,0.9106562703053931
subject_01,2,4,frozen_compact_model,200,0.935,0.9249508489722967,0.4945553238672094
subject_10,2,4,frozen_compact_model,395,0.810126582278481,0.8056389597946788,0.8145769491551104
subject_14,2,4,frozen_compact_model,207,0.8840579710144928,0.8852575750860553,0.8756831981562735
subject_18,2,4,frozen_compact_model,203,0.8669950738916257,0.8681883802168558,0.5331118326663143
subject_20,2,4,frozen_compact_model,209,0.9090909090909091,0.9062173832850525,0.6726001511715797
subject_28,2,4,frozen_compact_model,205,0.8975609756097561,0.8945220164732359,0.5822792489459157
subject_02,2,5,frozen_compact_model,209,0.8373205741626795,0.8371727663454025,0.4618851480420248
subject_04,2,5,frozen_compact_model,200,0.92,0.9240769531921126,0.8754071057259085
subject_05,2,5,frozen_compact_model,200,0.865,0.8690434558664064,0.851216294368539
subject_06,2,5,frozen_compact_model,205,0.8439024390243902,0.8545956513650917,0.8357594623245737
subject_09,2,5,frozen_compact_model,400,0.855,0.8555444399112802,0.7712434594705063
subject_22,2,5,frozen_compact_model,204,0.8382352941176471,0.8519631025476287,0.8332019667454866
subject_03,0,1,original_full_baseline,203,0.8522167487684729,0.8561869697099936,0.5732023366082515
subject_05,0,1,original_full_baseline,200,0.885,0.8801999091322127,0.8605960253756709
subject_11,0,1,original_full_baseline,331,0.8851963746223565,0.8793006677858096,0.8309744467709977
subject_12,0,1,original_full_baseline,400,0.8825,0.8875438765670204,0.8219222115075538
subject_22,0,1,original_full_baseline,204,0.8725490196078431,0.8725490196078431,0.8390931372549021
subject_27,0,1,original_full_baseline,208,0.8461538461538461,0.8497515786248181,0.8301085977142315
subject_07,0,2,original_full_baseline,306,0.8398692810457516,0.8412092747821195,0.7781933471014355
subject_17,0,2,original_full_baseline,331,0.8368580060422961,0.8305236095212793,0.5602509540650162
subject_19,0,2,original_full_baseline,200,0.84,0.8390545763760049,0.8415412629698343
subject_24,0,2,original_full_baseline,207,0.9323671497584541,0.9468755881799361,0.44264069264069267
subject_26,0,2,original_full_baseline,202,0.9108910891089109,0.902756969775925,0.3527960526315789
subject_29,0,2,original_full_baseline,208,0.8461538461538461,0.8417402269861286,0.41712204007285975
subject_01,0,3,original_full_baseline,200,0.925,0.9134048257372653,0.46807665574421603
subject_04,0,3,original_full_baseline,200,0.905,0.9048021481062747,0.8446760226444155
subject_09,0,3,original_full_baseline,400,0.845,0.849942390135284,0.7866125839708108
subject_13,0,3,original_full_baseline,338,0.8668639053254438,0.8686821833692954,0.857536384317509
subject_20,0,3,original_full_baseline,209,0.8086124401913876,0.8346176669858711,0.6605746720550346
subject_30,0,3,original_full_baseline,202,0.8762376237623762,0.879135474523062,0.8926829268292682
subject_06,0,4,original_full_baseline,205,0.8682926829268293,0.8732350706139015,0.8525232206398915
subject_08,0,4,original_full_baseline,344,0.9273255813953488,0.9260779368107787,0.8762603033822547
subject_14,0,4,original_full_baseline,207,0.8357487922705314,0.8348641625130179,0.8104117068779685
subject_15,0,4,original_full_baseline,369,0.8807588075880759,0.8782189838568564,0.8667930470716859
subject_18,0,4,original_full_baseline,203,0.8620689655172413,0.8527131445695125,0.5047248962289146
subject_21,0,4,original_full_baseline,200,0.83,0.8065999782773977,0.5945983128778828
subject_02,0,5,original_full_baseline,209,0.8755980861244019,0.8686829086711474,0.5967997792951238
subject_10,0,5,original_full_baseline,395,0.830379746835443,0.8264063576518357,0.8316153018474165
subject_16,0,5,original_full_baseline,344,0.8808139534883721,0.8765966349541932,0.8557449494949495
subject_23,0,5,original_full_baseline,204,0.7647058823529411,0.7676056763467428,0.8373215569477251
subject_25,0,5,original_full_baseline,267,0.8651685393258427,0.8616765386384097,0.7873441202414515
subject_28,0,5,original_full_baseline,205,0.9073170731707317,0.9027297690195445,0.5901953434128869
subject_02,1,1,original_full_baseline,209,0.8564593301435407,0.8623774646166468,0.6055251557987537
subject_04,1,1,original_full_baseline,200,0.895,0.8983715643462625,0.8370494049148043
subject_08,1,1,original_full_baseline,344,0.9215116279069767,0.9216102702480642,0.868229121301861
subject_17,1,1,original_full_baseline,331,0.8821752265861027,0.87902201471438,0.7233126940015927
subject_22,1,1,original_full_baseline,204,0.8676470588235294,0.8737029472169521,0.710265492612271
subject_29,1,1,original_full_baseline,208,0.8605769230769231,0.8497822931785196,0.4201856843366277
subject_12,1,2,original_full_baseline,400,0.9025,0.9029825396825397,0.8621164021164022
subject_16,1,2,original_full_baseline,344,0.8662790697674418,0.8705056571335642,0.8532523032523033
subject_21,1,2,original_full_baseline,200,0.855,0.8414111616538801,0.6725281191300608
subject_25,1,2,original_full_baseline,267,0.850187265917603,0.8498286434825396,0.8023285942978563
subject_26,1,2,original_full_baseline,202,0.8613861386138614,0.8845963615435112,0.38288424664446463
subject_30,1,2,original_full_baseline,202,0.8861386138613861,0.8876737619590778,0.898479194253842
subject_03,1,3,original_full_baseline,203,0.8866995073891626,0.8864894045810436,0.5932617549055905
subject_11,1,3,original_full_baseline,331,0.9063444108761329,0.9007158541403981,0.8593930540923266
subject_13,1,3,original_full_baseline,338,0.8994082840236687,0.8992499154776,0.8955647043136209
subject_18,1,3,original_full_baseline,203,0.8669950738916257,0.8619728102486723,0.5192692692692692
subject_24,1,3,original_full_baseline,207,0.961352657004831,0.961352657004831,0.43781094527363185
subject_27,1,3,original_full_baseline,208,0.8605769230769231,0.8653555579036348,0.8376373626373627
subject_01,1,4,original_full_baseline,200,0.91,0.8830303030303029,0.37806637806637805
subject_05,1,4,original_full_baseline,200,0.85,0.8481299337916985,0.8161234190645956
subject_06,1,4,original_full_baseline,205,0.8536585365853658,0.8539758237512131,0.830382228177443
subject_09,1,4,original_full_baseline,400,0.7575,0.7733825884260668,0.7431911084084998
subject_10,1,4,original_full_baseline,395,0.7974683544303798,0.7843400462972003,0.7988796809490206
subject_15,1,4,original_full_baseline,369,0.8726287262872628,0.8699727699798957,0.8576934086195345
subject_07,1,5,original_full_baseline,306,0.8529411764705882,0.8548471535807155,0.7573290430563034
subject_14,1,5,original_full_baseline,207,0.7922705314009661,0.802065720878368,0.76677138856531
subject_19,1,5,original_full_baseline,200,0.81,0.8196508528784647,0.8364250177683014
subject_20,1,5,original_full_baseline,209,0.8181818181818182,0.8387985574588446,0.5752979530757308
subject_23,1,5,original_full_baseline,204,0.6421568627450981,0.6345741674609301,0.6630919900765295
subject_28,1,5,original_full_baseline,205,0.8292682926829268,0.8382424129584807,0.7042748091603053
subject_08,2,1,original_full_baseline,344,0.9127906976744186,0.9179403558735307,0.8620727902889859
subject_13,2,1,original_full_baseline,338,0.8727810650887574,0.8736916356001908,0.8675964575782896
subject_16,2,1,original_full_baseline,344,0.9011627906976745,0.902052730134576,0.8862777558037965
subject_17,2,1,original_full_baseline,331,0.8036253776435045,0.80295837715715,0.5424795136135342
subject_25,2,1,original_full_baseline,267,0.7865168539325843,0.7889234990914822,0.7325577557755775
subject_27,2,1,original_full_baseline,208,0.8269230769230769,0.8344020383135281,0.8117500458127176
subject_11,2,2,original_full_baseline,331,0.8459214501510574,0.8301891592210436,0.7625633991666015
subject_15,2,2,original_full_baseline,369,0.8726287262872628,0.8691694480090408,0.8591177425831577
subject_19,2,2,original_full_baseline,200,0.83,0.8333642745601071,0.8403692962642797
subject_23,2,2,original_full_baseline,204,0.8088235294117647,0.8110618882897854,0.8409591074261732
subject_26,2,2,original_full_baseline,202,0.900990099009901,0.8996283880356539,0.35004374453193354
subject_29,2,2,original_full_baseline,208,0.8653846153846154,0.8576761991396137,0.43196189537652946
subject_03,2,3,original_full_baseline,203,0.8866995073891626,0.8840941434044882,0.5918518518518519
subject_07,2,3,original_full_baseline,306,0.8758169934640523,0.8754965509890603,0.8020152473792356
subject_12,2,3,original_full_baseline,400,0.8725,0.8803170367899793,0.8409041076430387
subject_21,2,3,original_full_baseline,200,0.805,0.7775431621176301,0.573799460324283
subject_24,2,3,original_full_baseline,207,0.9420289855072463,0.9544647898685166,0.47464440321583173
subject_30,2,3,original_full_baseline,202,0.9257425742574258,0.9259075296644806,0.9321239047266445
subject_01,2,4,original_full_baseline,200,0.935,0.9249508489722967,0.4945553238672094
subject_10,2,4,original_full_baseline,395,0.8151898734177215,0.8082624238982867,0.8168639671230343
subject_14,2,4,original_full_baseline,207,0.8647342995169082,0.8650101068458623,0.8521970834458146
subject_18,2,4,original_full_baseline,203,0.8374384236453202,0.8381659719590755,0.4994871794871794
subject_20,2,4,original_full_baseline,209,0.861244019138756,0.8710484830046741,0.6624518304431599
subject_28,2,4,original_full_baseline,205,0.9121951219512195,0.9083195944413803,0.5957268366522456
subject_02,2,5,original_full_baseline,209,0.8277511961722488,0.8376710378732458,0.4781092196366286
subject_04,2,5,original_full_baseline,200,0.93,0.9326844859095574,0.8992681481728738
subject_05,2,5,original_full_baseline,200,0.875,0.8772165877845391,0.8512358199984975
subject_06,2,5,original_full_baseline,205,0.8,0.8128723529037291,0.7917385224696935
subject_09,2,5,original_full_baseline,400,0.8575,0.8623483531343572,0.7930390547023407
subject_22,2,5,original_full_baseline,204,0.8774509803921569,0.8857743563625917,0.7636807636807638
