repeat_seed,training_seed,fold,model,architecture,accuracy,weighted_f1,macro_f1,energy_threshold,training_time_seconds,parameter_count,calibration_fraction,validation_samples
0,1,1,frozen_compact_model,compact_wave_no_temporal,0.871927554980595,0.8718303326430038,0.8828231286352631,4.215656012296677,110.84806780000508,73985,0.2,1546
0,2,2,frozen_compact_model,compact_wave_no_temporal,0.875515818431912,0.8725234798237911,0.8168354877125834,1.784265398979187,115.73381050000899,73985,0.2,1454
0,3,3,frozen_compact_model,compact_wave_no_temporal,0.8618463524854745,0.8615401659764935,0.8696787079731377,2.402318572625518,114.9191404000012,73985,0.2,1549
0,4,4,frozen_compact_model,compact_wave_no_temporal,0.862565445026178,0.8609156792131683,0.8455895916593471,1.3377334587275982,105.41728980001062,73985,0.2,1528
0,5,5,frozen_compact_model,compact_wave_no_temporal,0.8435960591133005,0.8445745095113749,0.8361963620606115,2.5650312900543213,115.43185350000567,73985,0.2,1624
1,10001,1,frozen_compact_model,compact_wave_no_temporal,0.8469251336898396,0.8488641137674005,0.8127739811824393,5.2763300612568855,118.21981850000157,73985,0.2,1496
1,10002,2,frozen_compact_model,compact_wave_no_temporal,0.8736842105263158,0.8730744552598774,0.8746751261344885,0.9646047241985798,104.84509439999238,73985,0.2,1615
1,10003,3,frozen_compact_model,compact_wave_no_temporal,0.8738255033557047,0.8714004990938308,0.8509709481124376,0.828703286126256,110.53337920000195,73985,0.2,1490
1,10004,4,frozen_compact_model,compact_wave_no_temporal,0.8366308648954212,0.8336894016322746,0.8387606409899515,3.3855046182870865,105.17358889999741,73985,0.2,1769
1,10005,5,frozen_compact_model,compact_wave_no_temporal,0.8264462809917356,0.8326619910052039,0.830309457257158,4.4198361821472645,108.07656859999406,73985,0.2,1331
2,20001,1,frozen_compact_model,compact_wave_no_temporal,0.8591703056768559,0.8586955059814876,0.8553982042857385,2.595488525927067,108.12827869999455,73985,0.2,1832
2,20002,2,frozen_compact_model,compact_wave_no_temporal,0.869220607661823,0.8655194842756001,0.8433467460108256,1.9240351133048534,114.87257260001206,73985,0.2,1514
2,20003,3,frozen_compact_model,compact_wave_no_temporal,0.8827404479578392,0.882704152868071,0.882276074526093,4.183313250541687,122.86682320000546,73985,0.2,1518
2,20004,4,frozen_compact_model,compact_wave_no_temporal,0.8738548273431994,0.8730570285829102,0.835206226937034,1.260092994198203,117.19335860000865,73985,0.2,1419
2,20005,5,frozen_compact_model,compact_wave_no_temporal,0.8589562764456982,0.8607359762283987,0.8582450261216875,4.384259343147278,111.07681579999917,73985,0.2,1418
0,1,1,original_full_baseline,baseline,0.8732212160413971,0.8722977746202859,0.8815457856347383,2.8874530494213104,222.35930289998942,113985,0.2,1546
0,2,2,original_full_baseline,baseline,0.8631361760660248,0.8625508646302831,0.7968904088637135,2.208323571830988,225.9588444999972,113985,0.2,1454
0,3,3,original_full_baseline,baseline,0.8670109748224661,0.8667585570022731,0.8615341123436556,2.768823392689228,228.23066929999914,113985,0.2,1549
0,4,4,original_full_baseline,baseline,0.8743455497382199,0.8718283485500544,0.855576475353617,0.7143895477056503,216.57166750000033,113985,0.2,1528
0,5,5,original_full_baseline,baseline,0.854064039408867,0.8535872119990924,0.8473898826862584,3.0247978642582893,223.14384900000005,113985,0.2,1624
1,10001,1,original_full_baseline,baseline,0.8843582887700535,0.8852935783785184,0.8605457138025757,3.316956100985408,229.9073337000009,113985,0.2,1496
1,10002,2,original_full_baseline,baseline,0.8730650154798761,0.873696962708518,0.8775039565689702,4.688238065689802,209.1064963000099,113985,0.2,1615
1,10003,3,original_full_baseline,baseline,0.897986577181208,0.8968901208935111,0.8838223256237493,2.429313436150551,224.93956400000025,113985,0.2,1490
1,10004,4,original_full_baseline,baseline,0.8292820802713398,0.8234118392139028,0.8295545573451845,1.8952377755194902,213.71420390000276,113985,0.2,1769
1,10005,5,original_full_baseline,baseline,0.7956423741547709,0.8050178565398,0.7800554392995167,3.13,218.3261838000035,113985,0.2,1331
2,20001,1,original_full_baseline,baseline,0.855349344978166,0.8566850477457085,0.8566900595465853,1.7054268065840006,217.2612697000004,113985,0.2,1832
2,20002,2,original_full_baseline,baseline,0.8553500660501981,0.8530171771779761,0.8302524141882547,1.8392823189496994,231.33243840000068,113985,0.2,1514
2,20003,3,original_full_baseline,baseline,0.8827404479578392,0.8820841867338794,0.8827816298285045,4.856787260621786,233.01988770000753,113985,0.2,1518
2,20004,4,original_full_baseline,baseline,0.8632840028188865,0.8621815004268814,0.8271057342448126,1.942090312950313,227.0003499000013,113985,0.2,1419
2,20005,5,original_full_baseline,baseline,0.8603667136812412,0.8616556046237032,0.8554129352162807,2.3526744842529297,215.34813170001144,113985,0.2,1418
