repeat_seed,fold,model,class,precision,recall,f1,support
0,1,frozen_compact_model,ripple,0.8891820580474934,0.8810457516339869,0.8850952068286277,765
0,1,frozen_compact_model,ied,0.9121951219512195,0.9444444444444444,0.9280397022332506,198
0,1,frozen_compact_model,noise,0.8353344768439108,0.8353344768439108,0.8353344768439108,583
0,2,frozen_compact_model,ripple,0.9001782531194296,0.9421641791044776,0.9206927985414768,1072
0,2,frozen_compact_model,ied,0.9655172413793104,0.6829268292682927,0.8,41
0,2,frozen_compact_model,noise,0.7755775577557755,0.6891495601173021,0.7298136645962733,341
0,3,frozen_compact_model,ripple,0.8840937114673243,0.8884758364312267,0.8862793572311496,807
0,3,frozen_compact_model,ied,0.9,0.9293478260869565,0.9144385026737968,184
0,3,frozen_compact_model,noise,0.8156934306569343,0.8010752688172043,0.8083182640144665,558
0,4,frozen_compact_model,ripple,0.9052333804809052,0.8695652173913043,0.887040887040887,736
0,4,frozen_compact_model,ied,0.8780487804878049,0.9751693002257337,0.9240641711229947,443
0,4,frozen_compact_model,noise,0.7477203647416414,0.7048710601719198,0.7256637168141593,349
0,5,frozen_compact_model,ripple,0.92,0.8646616541353384,0.8914728682170543,798
0,5,frozen_compact_model,ied,0.830238726790451,0.9046242774566474,0.8658367911479945,346
0,5,frozen_compact_model,noise,0.738430583501006,0.7645833333333333,0.7512794268167861,480
1,1,frozen_compact_model,ripple,0.890738813735692,0.904862579281184,0.897745149449397,946
1,1,frozen_compact_model,ied,0.9870689655172413,0.8641509433962264,0.9215291750503019,265
1,1,frozen_compact_model,noise,0.6006600660066007,0.6385964912280702,0.6190476190476191,285
1,2,frozen_compact_model,ripple,0.8756345177664975,0.9090909090909091,0.892049127343245,759
1,2,frozen_compact_model,ied,0.8682170542635659,0.9105691056910569,0.8888888888888888,246
1,2,frozen_compact_model,noise,0.8734622144112478,0.8147540983606557,0.8430873621713316,610
1,3,frozen_compact_model,ripple,0.9177927927927928,0.9250851305334846,0.9214245336348219,881
1,3,frozen_compact_model,ied,0.7925925925925926,0.9771689497716894,0.8752556237218814,219
1,3,frozen_compact_model,noise,0.822289156626506,0.7,0.7562326869806094,390
1,4,frozen_compact_model,ripple,0.8680555555555556,0.8704735376044568,0.8692628650904033,718
1,4,frozen_compact_model,ied,0.8,0.9797979797979798,0.8808172531214529,396
1,4,frozen_compact_model,noise,0.8280141843971631,0.7129770992366412,0.7662018047579984,655
1,5,frozen_compact_model,ripple,0.930628272251309,0.8135011441647597,0.8681318681318682,874
1,5,frozen_compact_model,ied,0.9722222222222222,0.813953488372093,0.8860759493670886,86
1,5,frozen_compact_model,noise,0.6444444444444445,0.8598382749326146,0.7367205542725174,371
2,1,frozen_compact_model,ripple,0.9014962593516209,0.8753026634382567,0.8882063882063882,826
2,1,frozen_compact_model,ied,0.8642714570858283,0.9331896551724138,0.8974093264248705,464
2,1,frozen_compact_model,noise,0.7901701323251418,0.7712177121771218,0.780578898225957,542
2,2,frozen_compact_model,ripple,0.895712630359212,0.9191438763376932,0.9072769953051644,841
2,2,frozen_compact_model,ied,0.8970189701897019,0.9678362573099415,0.9310829817158931,342
2,2,frozen_compact_model,noise,0.75177304964539,0.6404833836858006,0.6916802610114192,331
2,3,frozen_compact_model,ripple,0.8915956151035322,0.8992628992628993,0.8954128440366973,814
2,3,frozen_compact_model,ied,0.9259259259259259,0.847457627118644,0.8849557522123894,59
2,3,frozen_compact_model,noise,0.8678071539657853,0.8651162790697674,0.8664596273291926,645
2,4,frozen_compact_model,ripple,0.9365798414496036,0.9313063063063063,0.9339356295878035,888
2,4,frozen_compact_model,ied,0.7802690582959642,0.90625,0.8385542168674699,192
2,4,frozen_compact_model,noise,0.7635782747603834,0.7050147492625368,0.7331288343558282,339
2,5,frozen_compact_model,ripple,0.9109677419354839,0.8726823238566132,0.8914141414141414,809
2,5,frozen_compact_model,ied,0.9552238805970149,0.8258064516129032,0.8858131487889274,155
2,5,frozen_compact_model,noise,0.7544204322200393,0.8458149779735683,0.7975077881619937,454
0,1,original_full_baseline,ripple,0.8716981132075472,0.9058823529411765,0.8884615384615384,765
0,1,original_full_baseline,ied,0.8915094339622641,0.9545454545454546,0.9219512195121952,198
0,1,original_full_baseline,noise,0.8682745825602969,0.8027444253859348,0.8342245989304813,583
0,2,original_full_baseline,ripple,0.9094269870609981,0.917910447761194,0.9136490250696379,1072
0,2,original_full_baseline,ied,0.8285714285714286,0.7073170731707317,0.7631578947368421,41
0,2,original_full_baseline,noise,0.7181008902077152,0.7096774193548387,0.7138643067846607,341
0,3,original_full_baseline,ripple,0.9058971141781681,0.8946716232961586,0.9002493765586035,807
0,3,original_full_baseline,ied,0.7981651376146789,0.9456521739130435,0.8656716417910447,184
0,3,original_full_baseline,noise,0.8370786516853933,0.8010752688172043,0.8186813186813187,558
0,4,original_full_baseline,ripple,0.8668341708542714,0.9375,0.9007832898172323,736
0,4,original_full_baseline,ied,0.9466357308584686,0.9209932279909706,0.9336384439359268,443
0,4,original_full_baseline,noise,0.7906976744186046,0.6819484240687679,0.7323076923076923,349
0,5,original_full_baseline,ripple,0.9073359073359073,0.8834586466165414,0.8952380952380953,798
0,5,original_full_baseline,ied,0.8451443569553806,0.930635838150289,0.8858321870701513,346
0,5,original_full_baseline,noise,0.7725321888412017,0.75,0.7610993657505285,480
1,1,original_full_baseline,ripple,0.9259656652360515,0.912262156448203,0.919062832800852,946
1,1,original_full_baseline,ied,0.9433962264150944,0.9433962264150944,0.9433962264150944,265
1,1,original_full_baseline,noise,0.7023411371237458,0.7368421052631579,0.7191780821917808,285
1,2,original_full_baseline,ripple,0.897986577181208,0.8814229249011858,0.8896276595744681,759
1,2,original_full_baseline,ied,0.9502262443438914,0.8536585365853658,0.8993576017130621,246
1,2,original_full_baseline,noise,0.8181818181818182,0.8704918032786885,0.8435266084193804,610
1,3,original_full_baseline,ripple,0.9311512415349887,0.9364358683314415,0.933786078098472,881
1,3,original_full_baseline,ied,0.8683127572016461,0.9634703196347032,0.9134199134199135,219
1,3,original_full_baseline,noise,0.8365650969529086,0.7743589743589744,0.8042609853528628,390
1,4,original_full_baseline,ripple,0.8128872366790583,0.9136490250696379,0.860327868852459,718
1,4,original_full_baseline,ied,0.8020833333333334,0.9722222222222222,0.8789954337899544,396
1,4,original_full_baseline,noise,0.8838174273858921,0.650381679389313,0.7493403693931399,655
1,5,original_full_baseline,ripple,0.9580318379160637,0.7574370709382151,0.8460063897763578,874
1,5,original_full_baseline,ied,0.8493150684931506,0.7209302325581395,0.779874213836478,86
1,5,original_full_baseline,noise,0.5908289241622575,0.9029649595687331,0.7142857142857143,371
2,1,original_full_baseline,ripple,0.9019354838709678,0.8462469733656174,0.8732042473454091,826
2,1,original_full_baseline,ied,0.91792656587473,0.915948275862069,0.9169363538295577,464
2,1,original_full_baseline,noise,0.7457912457912458,0.8173431734317343,0.7799295774647887,542
2,2,original_full_baseline,ripple,0.9063260340632603,0.8858501783590963,0.8959711365003007,841
2,2,original_full_baseline,ied,0.8611825192802056,0.97953216374269,0.9165526675786594,342
2,2,original_full_baseline,noise,0.7095709570957096,0.649546827794562,0.6782334384858044,331
2,3,original_full_baseline,ripple,0.8654503990877993,0.9324324324324325,0.8976936723832052,814
2,3,original_full_baseline,ied,0.9795918367346939,0.8135593220338984,0.8888888888888888,59
2,3,original_full_baseline,noise,0.9003378378378378,0.8263565891472868,0.8617623282134196,645
2,4,original_full_baseline,ripple,0.9242081447963801,0.920045045045045,0.9221218961625283,888
2,4,original_full_baseline,ied,0.7847533632286996,0.9114583333333334,0.8433734939759037,192
2,4,original_full_baseline,noise,0.7467948717948718,0.6873156342182891,0.7158218125960062,339
2,5,original_full_baseline,ripple,0.9209486166007905,0.8640296662546354,0.8915816326530612,809
2,5,original_full_baseline,ied,0.8424242424242424,0.896774193548387,0.86875,155
2,5,original_full_baseline,noise,0.7732793522267206,0.8414096916299559,0.8059071729957806,454
