calibration_fraction,repeat_seed,training_seed,fold,accuracy,weighted_f1,macro_f1,energy_threshold,calibration_macro_f1,calibration_samples,training_time_seconds,parameter_count
0.15,0,1,1,0.8745148771021992,0.8743613737567403,0.8823753977200118,1.1504495777189732,0.8313147450947703,1013,116.98588459999883,73985
0.15,0,2,2,0.8768913342503438,0.876891991309012,0.8061537523623326,0.975517887622118,0.8656592206251368,1020,118.2535218000121,73985
0.15,0,3,3,0.8360232408005165,0.8333184640825639,0.8132056135375386,1.2889503864571452,0.6389493493410815,942,117.89639819999866,73985
0.15,0,4,4,0.8769633507853403,0.8776244369577805,0.8647156482547816,1.5098610315471888,0.8827585258271077,1012,112.82937819999643,73985
0.15,0,5,5,0.8479064039408867,0.8443607677298676,0.8320079250144207,1.388344943523407,0.8568796087850221,813,114.78098400001181,73985
0.15,1,10001,1,0.8629679144385026,0.8646173723130236,0.8342338625728578,3.620305450633168,0.8298449034316607,1002,114.25890149999759,73985
0.15,1,10002,2,0.8637770897832817,0.8641487269383132,0.8626114683957548,5.134873479604721,0.8590636927494931,1171,106.94000990000495,73985
0.15,1,10003,3,0.8711409395973154,0.8724534635685748,0.8607004740262946,4.714018769562244,0.8460734994116201,814,118.24952939999639,73985
0.15,1,10004,4,0.8434143583945732,0.8394794125567548,0.8433377667462795,1.2762805689126253,0.8725935310066438,955,109.49132459999237,73985
0.15,1,10005,5,0.8700225394440271,0.8677391748941633,0.8305216104339239,1.493513459339738,0.8367648338378983,1086,116.11644270000397,73985
0.15,2,20001,1,0.8597161572052402,0.858874726205766,0.8539669406328092,1.6636004149913788,0.8539076639437883,814,110.27612899999076,73985
0.15,2,20002,2,0.868560105680317,0.8648946336596067,0.8437156799845876,2.7163397818803787,0.8352155031627094,817,115.73791530000744,73985
0.15,2,20003,3,0.8893280632411067,0.8893563214072804,0.8838909022719648,3.959753543138504,0.8487686843794354,822,116.60608850000426,73985
0.15,2,20004,4,0.86892177589852,0.8665341085548048,0.823494562684887,2.6864922642707825,0.8239530047340541,985,114.8684263000032,73985
0.15,2,20005,5,0.8427362482369535,0.8425625502262691,0.8318162849046193,2.6827425956726074,0.8336518193880531,1393,106.70319919999747,73985
0.2,0,1,1,0.8641655886157826,0.8643386841073942,0.8741954394444651,2.7947796657681465,0.8042903951863698,1213,110.97142609998991,73985
0.2,0,2,2,0.8727647867950481,0.8721546089987826,0.8089313144612683,2.4520395398139954,0.8437270416726609,1229,113.35811689999537,73985
0.2,0,3,3,0.8612007746933505,0.8584378232309513,0.8588067935896907,0.7493908833712339,0.6620547013073607,1151,109.13342949999787,73985
0.2,0,4,4,0.8795811518324608,0.8794800510228453,0.8663457471312098,1.5324594690464437,0.8860045461411761,1356,105.59240390000923,73985
0.2,0,5,5,0.8503694581280788,0.8510144631264005,0.8435061902857125,1.9723103158175945,0.8928887636334538,1213,107.93173840000236,73985
0.2,1,10001,1,0.8716577540106952,0.8741445999497913,0.8492842551371739,2.5895812436938286,0.8320718300867264,1211,109.12909729999956,73985
0.2,1,10002,2,0.865015479876161,0.8656041246740716,0.8687879199724792,2.9195536989718676,0.811510404325075,1515,98.96128940000199,73985
0.2,1,10003,3,0.8489932885906041,0.853200459940266,0.8461737518188945,3.8957376405596733,0.7986624383690647,1209,109.4776903999882,73985
0.2,1,10004,4,0.8343697003957038,0.8302917668701812,0.8367813912103642,2.624580819159746,0.8502356528314268,1155,104.80427020000934,73985
0.2,1,10005,5,0.821938392186326,0.8277363029101088,0.8024355637488124,4.3500437922775745,0.8791610205808741,1486,106.88953040000342,73985
0.2,2,20001,1,0.8640829694323144,0.8636988428558661,0.8618234714875163,0.7114122062921524,0.8383512146742359,1021,106.32275169999048,73985
0.2,2,20002,2,0.8652575957727873,0.8615327751067674,0.839925910016242,1.9210669454187155,0.8457587795963768,1022,112.85212880000472,73985
0.2,2,20003,3,0.886034255599473,0.8852807946844264,0.8920997768152671,2.2567570190876722,0.8386255153692784,1024,114.09180549999292,73985
0.2,2,20004,4,0.8639887244538408,0.8580733935914872,0.8152271258370951,0.6543026189319789,0.843563136734195,1323,108.81913960000384,73985
0.2,2,20005,5,0.8596614950634697,0.8590384893354734,0.854851372974017,3.3572912216186523,0.8711875345425968,1601,102.13090119999833,73985
0.25,0,1,1,0.8544631306597671,0.8553610405471457,0.8724797891827096,4.198340050876141,0.8307624924795832,1415,107.76031120000698,73985
0.25,0,2,2,0.8762035763411279,0.875457503674658,0.8151693953856792,2.2473827823996544,0.8442460888457964,1629,104.93618869999773,73985
0.25,0,3,3,0.8850871530019367,0.8839307943689805,0.8851933702821545,3.3135267216712236,0.6966722585097141,1355,104.29985759999545,73985
0.25,0,4,4,0.8102094240837696,0.8068072129651205,0.7761902869551935,5.695958334952593,0.8110651807569864,1751,97.512999700004,73985
0.25,0,5,5,0.8405172413793104,0.839375484341583,0.8274969717705077,0.9727194458246231,0.8972439041181549,1557,100.21128629999293,73985
0.25,1,10001,1,0.8683155080213903,0.8719999447758484,0.8449691845540196,4.220243886113167,0.8032312233965859,1411,105.30940640000335,73985
0.25,1,10002,2,0.8674922600619195,0.8675337407933967,0.868051822237217,2.4087064396589994,0.8566248351945376,1722,94.77983610000229,73985
0.25,1,10003,3,0.8624161073825504,0.8654979520750559,0.8523136144086028,2.6800765469670296,0.8325505610531198,1609,101.67603780000354,73985
0.25,1,10004,4,0.8547201808931599,0.8530749401134955,0.8584906077348067,1.4762421622872353,0.8578632389686893,1359,99.15915449999738,73985
0.25,1,10005,5,0.8279489105935387,0.8348413613806963,0.8125282773868975,2.893384099006653,0.8719325674092104,1886,98.68454499999643,73985
0.25,2,20001,1,0.8346069868995634,0.8365041724753532,0.8294620331194583,2.4290993213653564,0.8221616409404192,1221,101.4524919000105,73985
0.25,2,20002,2,0.8764861294583883,0.8737915594914594,0.8545852398423263,2.4811145290732384,0.8564330675914554,1229,107.46436630000244,73985
0.25,2,20003,3,0.8682476943346509,0.8685815781413048,0.873725452322993,2.109132112003863,0.8297492127988547,1224,108.64067619999696,73985
0.25,2,20004,4,0.8724453840732911,0.8663519993323128,0.8200699118358901,1.8635631534270942,0.8439691354950938,1528,105.35325610000291,73985
0.25,2,20005,5,0.8645980253878702,0.8625661553840018,0.8614418781796651,1.7359973113052547,0.8775557389687824,1808,98.45126070000697,73985
